{
  "v": "5.7.11",
  "fr": 60,
  "ip": 0,
  "op": 180,
  "w": 500,
  "h": 500,
  "nm": "Travel Assistant",
  "ddd": 0,
  "assets": [],
  "layers": [
    {
      "ddd": 0,
      "ind": 1,
      "ty": 4,
      "nm": "Face",
      "sr": 1,
      "ks": {
        "o": { "a": 0, "k": 100 },
        "r": {
          "a": 1,
          "k": [
            {
              "i": { "x": [0.833], "y": [0.833] },
              "o": { "x": [0.167], "y": [0.167] },
              "t": 0,
              "s": [-5]
            },
            {
              "t": 90,
              "s": [5]
            }
          ]
        },
        "p": {
          "a": 1,
          "k": [
            {
              "i": { "x": 0.833, "y": 0.833 },
              "o": { "x": 0.167, "y": 0.167 },
              "t": 0,
              "s": [250, 250, 0]
            },
            {
              "t": 90,
              "s": [250, 260, 0]
            }
          ]
        },
        "a": { "a": 0, "k": [0, 0, 0] },
        "s": { "a": 0, "k": [100, 100, 100] }
      },
      "shapes": [
        {
          "ty": "gr",
          "it": [
            {
              "d": 1,
              "ty": "el",
              "s": { "a": 0, "k": [200, 200] },
              "p": { "a": 0, "k": [0, 0] }
            },
            {
              "ty": "st",
              "c": { "a": 0, "k": [0.12, 0.47, 0.86, 1] },
              "o": { "a": 0, "k": 100 },
              "w": { "a": 0, "k": 10 }
            },
            {
              "ty": "fl",
              "c": { "a": 0, "k": [1, 1, 1, 1] },
              "o": { "a": 0, "k": 100 }
            }
          ]
        }
      ]
    },
    {
      "ddd": 0,
      "ind": 2,
      "ty": 4,
      "nm": "Eyes",
      "parent": 1,
      "sr": 1,
      "shapes": [
        {
          "ty": "gr",
          "it": [
            {
              "d": 1,
              "ty": "el",
              "s": { "a": 0, "k": [40, 40] },
              "p": { "a": 0, "k": [-40, -20] }
            },
            {
              "d": 1,
              "ty": "el",
              "s": { "a": 0, "k": [40, 40] },
              "p": { "a": 0, "k": [40, -20] }
            },
            {
              "ty": "fl",
              "c": { "a": 0, "k": [0.12, 0.47, 0.86, 1] },
              "o": { "a": 0, "k": 100 }
            }
          ]
        }
      ]
    },
    {
      "ddd": 0,
      "ind": 3,
      "ty": 4,
      "nm": "Smile",
      "parent": 1,
      "sr": 1,
      "shapes": [
        {
          "ty": "gr",
          "it": [
            {
              "ty": "sh",
              "ks": {
                "a": 1,
                "k": [
                  {
                    "i": { "x": 0.833, "y": 0.833 },
                    "o": { "x": 0.167, "y": 0.167 },
                    "t": 0,
                    "s": [
                      {
                        "i": [[0, 0], [0, 0]],
                        "o": [[0, 0], [0, 0]],
                        "v": [[-50, 40], [50, 40]]
                      }
                    ]
                  },
                  {
                    "t": 90,
                    "s": [
                      {
                        "i": [[0, 0], [0, 0], [0, 0]],
                        "o": [[0, 0], [0, 0], [0, 0]],
                        "v": [[-50, 40], [0, 60], [50, 40]]
                      }
                    ]
                  }
                ]
              }
            },
            {
              "ty": "st",
              "c": { "a": 0, "k": [0.12, 0.47, 0.86, 1] },
              "o": { "a": 0, "k": 100 },
              "w": { "a": 0, "k": 10 }
            }
          ]
        }
      ]
    }
  ]
}
